questions,user_answer,expected_answer
What are the key features of Python?,"Python is known for its simplicity, readability, and versatility. It has a large standard library, dynamic typing, and strong community support.","Python is known for its simplicity, readability, and versatility. Its elegant syntax allows for concise and expressive code, making it easy to learn and use. Python's extensive standard library provides support for a wide range of tasks, including web development, data analysis, and machine learning. Additionally, Python's dynamic typing and automatic memory management contribute to its efficiency and productivity."
Can you describe a situation where you worked in a team?,"Sure, I worked in a team on a software development project where we collaborated to design and implement new features. We held regular meetings to discuss progress and resolve issues.","Certainly! In my previous role as a software developer, I worked closely with a cross-functional team to develop a new product feature. During this project, I actively participated in team meetings, contributed ideas for solution design, and collaborated with team members to address challenges and meet project deadlines. By fostering open communication and leveraging each team member's strengths, we successfully delivered the feature on time and exceeded customer expectations."
What are the differences between C++ and Python?,"C++ is a statically typed language with manual memory management, whereas Python is dynamically typed with automatic memory management. C++ is often used for system-level programming, while Python is more commonly used for scripting and web development.","C++ and Python are both powerful programming languages with distinct characteristics. C++ is a statically typed language with manual memory management, making it well-suited for performance-critical applications such as system-level programming and game development. On the other hand, Python is dynamically typed with automatic memory management, prioritizing simplicity and readability. Python's interpreted nature and extensive libraries make it ideal for rapid prototyping, web development, and data analysis. While C++ offers greater control over memory and performance optimization, Python excels in developer productivity and ease of use."
Tell me the recent project you have worked on?,"I recently worked on a web application for managing customer orders, Dashboard, Gatepass. My role involved designing the user interface, implementing backend logic, and testing the application for performance and usability.""","In my most recent project, I led a team in developing a scalable web application for a client in the e-commerce sector. Our goal was to create a platform that could handle a large volume of concurrent users while providing a seamless shopping experience. As the project manager, I oversaw the entire development lifecycle, from requirement gathering to deployment. I collaborated with stakeholders to define project scope and milestones, allocated resources effectively, and ensured timely delivery of deliverables. The project was a success, resulting in increased customer engagement and revenue for the client."
What are the certifications you have done?,"I have certifications in Python programming, web development, and project management. These certifications demonstrate my expertise in various areas of software development","I have obtained several certifications to enhance my skills and expertise in software development. Some of the certifications I hold include:
Python Programming Certification from  IBM Skillsbuild
Web Development Certification from My Catain academy
Project Management Professional (PMP) Certification from PMI
These certifications demonstrate my commitment to continuous learning and professional development, and they have equipped me with the knowledge and skills necessary to excel in my field"
What are real-time examples of a database?,"Real-time examples of databases include customer relationship management (CRM) systems, e-commerce platforms, inventory management systems and airlines. These databases store and retrieve data in real-time to support business operations.","Real-time examples of databases include enterprise systems such as Customer Relationship Management (CRM) software, Online Transaction Processing (OLTP) systems, and Inventory Management Systems. These databases are crucial for storing and managing large volumes of data in real-time, enabling businesses to make informed decisions and provide responsive services to customers. For example, a CRM system tracks customer interactions and preferences in real-time, allowing businesses to personalize marketing campaigns and improve customer satisfaction."
Tell me the commands for file handling in Linux?,"Common file handling commands in Linux include ls for listing files, cp for copying files, mv for moving files, and rm for deleting files. These commands are used to navigate and manipulate files and directories in the Linux filesystem.","Linux offers a variety of commands for file handling and system management. Some commonly used file handling commands include:
ls - List directory contents
cp - Copy files and directories
mv - Move or rename files and directories
rm - Remove files and directories
mkdir - Create directories
chmod - Change file permissions
cat - Concatenate and display file content
These commands provide essential functionality for navigating the file system, managing files, and performing system operations efficiently."
Can you give an example of a time you demonstrated leadership?,"Yes, in my previous role as a project manager, I led a team of developers to successfully deliver a complex software project ahead of schedule. I organized team meetings, delegated tasks, and provided guidance to team members to ensure project milestones were met.","Absolutely! In a previous project, I took on the role of team lead and successfully guided my team through a challenging development phase. One instance that stands out is when we encountered a critical issue that threatened to delay the project timeline. I quickly organized a brainstorming session with the team to identify possible solutions and delegated tasks based on each team member's strengths. Through effective communication and collaboration, we were able to resolve the issue within a tight deadline and ensure the project stayed on track. My proactive approach and ability to rally the team in times of crisis demonstrated my leadership skills and commitment to achieving project goals."
